{"graph_specs": [[4, 32, 401, 257, 976, 280, 411, 970, 987, 753], [11, 978, 156907, 19681, 938424, 66069, 164540, 872738, 953485, 560686]], "time_costs": [[0.00046515464782714844, 0.003801584243774414, 0.06882834434509277, 0.03341841697692871, 0.1558682918548584, 0.041623592376708984, 0.06577253341674805, 0.15812420845031738, 0.15801668167114258, 0.14302992820739746], [0.0004265308380126953, 0.00028324127197265625, 0.01020956039428711, 0.0031957626342773438, 0.18582606315612793, 0.0033769607543945312, 0.010341882705688477, 0.17566895484924316, 0.17750239372253418, 0.07927727699279785], [7.367134094238281e-05, 0.00032639503479003906, 0.1093440055847168, 0.03756999969482422, 1.6748933792114258, 0.04764437675476074, 0.12644267082214355, 1.5976648330688477, 1.9428586959838867, 0.717581033706665]], "inconsistencies": [[0.0, 1.8540724511240114e-13, 0.0, 1.9140987623025851e-13, 0.0, 9.541574158517885e-16, 0.0, 0.0, 0.0, 0.0], [1115.800048828125, 62.49845886230469, 0.4834839999675751, 11.262025833129883, 0.07621480524539948, 1.380665898323059, 0.40581071376800537, 0.08356399834156036, 0.07224710285663605, 0.13410980999469757], [1115.800048828125, 62.49845504760742, 0.4834839999675751, 11.2620267868042, 0.07621480524539948, 1.380665898323059, 0.40581071376800537, 0.08356399834156036, 0.07224710285663605, 0.13410980999469757]]}